id,first_name,last_name,email,country,ip_address
1,Teresa,Powell,tpowell0@dagondesign.com,China,168.220.52.12
2,Ralph,Mendoza,rmendoza1@t-online.de,Nigeria,150.77.18.91
3,Carl,Black,cblack2@engadget.com,China,174.45.22.5
4,Anne,Jacobs,ajacobs3@arstechnica.com,Indonesia,56.205.52.125
5,Samuel,Fields,sfields4@prnewswire.com,Indonesia,113.38.48.38
6,Denise,Day,dday5@utexas.edu,Togo,222.33.239.247
7,Patricia,Hansen,phansen6@infoseek.co.jp,Mayotte,113.103.133.9
8,Frances,Hall,fhall7@opensource.org,China,42.65.15.35
9,Jesse,Robertson,jrobertson8@xinhuanet.com,Argentina,187.33.187.244
10,Samuel,Little,slittle9@live.com,Russia,24.244.250.122
11,Gregory,Medina,gmedinaa@google.co.uk,Philippines,248.229.61.72
12,Heather,Howell,hhowellb@ted.com,China,67.22.93.246
13,Jennifer,Phillips,jphillipsc@example.com,Colombia,70.227.242.78
14,Larry,Alexander,lalexanderd@arizona.edu,France,135.246.0.60
15,Carol,Simpson,csimpsone@mail.ru,Portugal,121.1.214.58
16,Teresa,Owens,towensf@ovh.net,Slovenia,227.202.203.113
17,George,Meyer,gmeyerg@aol.com,China,150.117.69.3
18,Cynthia,Collins,ccollinsh@printfriendly.com,Philippines,114.207.116.93
19,Randy,Kennedy,rkennedyi@google.fr,Peru,45.17.28.189
20,Pamela,Stephens,pstephensj@disqus.com,Philippines,53.94.130.160
21,Anthony,Long,alongk@oakley.com,Indonesia,220.93.130.92
22,Sara,Hughes,shughesl@archive.org,China,155.141.114.1
23,Jacqueline,Payne,jpaynem@go.com,Philippines,137.151.152.90
24,Matthew,Burton,mburtonn@apple.com,Pakistan,182.178.217.115
25,Emily,Rose,eroseo@nifty.com,China,233.16.255.245
26,David,Morales,dmoralesp@github.com,Peru,237.139.210.222
27,Roger,Elliott,relliottq@admin.ch,France,201.224.222.58
28,Laura,Ruiz,lruizr@multiply.com,Canada,53.187.5.22
29,Henry,Jenkins,hjenkinss@deliciousdays.com,Russia,193.178.101.207
30,Michael,Fernandez,mfernandezt@ucoz.ru,Indonesia,83.241.121.109
31,Ralph,Anderson,randersonu@de.vu,China,148.183.73.171
32,Juan,Robertson,jrobertsonv@liveinternet.ru,China,245.227.59.96
33,Marilyn,Hamilton,mhamiltonw@slashdot.org,China,81.156.146.70
34,Debra,Cunningham,dcunninghamx@netscape.com,Indonesia,37.109.54.205
35,Margaret,Anderson,mandersony@youku.com,France,123.200.221.21
36,Robert,Boyd,rboydz@woothemes.com,Finland,224.97.150.162
37,Johnny,Turner,jturner10@themeforest.net,Indonesia,207.223.141.81
38,Jason,Sanders,jsanders11@ezinearticles.com,Thailand,244.87.58.222
39,George,Fuller,gfuller12@dot.gov,China,110.29.93.86
40,Howard,Kennedy,hkennedy13@telegraph.co.uk,China,164.214.205.130
41,Kelly,Ferguson,kferguson14@nymag.com,Portugal,140.58.59.149
42,Thomas,Marshall,tmarshall15@google.ru,China,158.85.202.253
43,Jerry,Willis,jwillis16@thetimes.co.uk,Morocco,69.98.177.28
44,Doris,Stevens,dstevens17@ucla.edu,Portugal,202.80.101.162
45,Lori,Edwards,ledwards18@mlb.com,Bahamas,34.55.152.102
46,Thomas,Armstrong,tarmstrong19@usnews.com,Bulgaria,127.53.188.132
47,Ralph,Campbell,rcampbell1a@census.gov,Brazil,217.151.236.230
48,Todd,Duncan,tduncan1b@blog.com,Finland,45.33.218.154
49,Amy,Hamilton,ahamilton1c@multiply.com,Russia,38.229.72.5
50,Shawn,Fernandez,sfernandez1d@earthlink.net,Russia,178.77.241.51
51,David,Matthews,dmatthews1e@spotify.com,Mongolia,83.53.130.30
52,Pamela,Martin,pmartin1f@ask.com,Brazil,150.119.244.43
53,Tammy,Mills,tmills1g@live.com,Russia,67.149.200.101
54,Tina,Kelly,tkelly1h@theatlantic.com,China,69.107.177.121
55,Timothy,Stone,tstone1i@nih.gov,China,232.226.215.159
56,Lawrence,Schmidt,lschmidt1j@smh.com.au,Indonesia,238.31.139.165
57,Nicholas,Sullivan,nsullivan1k@hugedomains.com,Slovenia,231.91.237.103
58,Brandon,Medina,bmedina1l@mayoclinic.com,Russia,132.222.233.51
59,Ryan,Jordan,rjordan1m@chicagotribune.com,Russia,26.8.240.22
60,Justin,Coleman,jcoleman1n@whitehouse.gov,Poland,161.199.185.128
61,Jack,Fox,jfox1o@ox.ac.uk,Kazakhstan,91.180.164.99
62,Juan,Romero,jromero1p@ovh.net,Armenia,138.136.140.101
63,Sarah,Hanson,shanson1q@foxnews.com,Argentina,68.114.56.47
64,Wayne,Wright,wwright1r@wordpress.com,Senegal,151.6.250.157
65,Christopher,Walker,cwalker1s@sakura.ne.jp,Brazil,33.110.205.230
66,Mildred,Gray,mgray1t@altervista.org,Russia,12.49.145.2
67,Jennifer,West,jwest1u@baidu.com,Portugal,43.11.151.14
68,Martin,Frazier,mfrazier1v@networksolutions.com,Poland,205.164.167.69
69,Gerald,Wright,gwright1w@hc360.com,Philippines,75.17.184.203
70,Judith,Crawford,jcrawford1x@blogs.com,Indonesia,171.243.93.223
71,Pamela,Baker,pbaker1y@macromedia.com,United States,57.167.71.91
72,Kathleen,Sullivan,ksullivan1z@kickstarter.com,Japan,193.82.46.195
73,Marie,Johnston,mjohnston20@senate.gov,Brazil,30.97.18.10
74,Howard,Lane,hlane21@g.co,China,79.43.55.253
75,Clarence,Adams,cadams22@linkedin.com,Indonesia,114.82.53.190
76,Philip,Ford,pford23@github.io,Cape Verde,87.159.130.138
77,Anna,Allen,aallen24@sphinn.com,Afghanistan,11.104.130.130
78,Diane,Graham,dgraham25@mapquest.com,Greece,87.110.68.150
79,Fred,Knight,fknight26@businesswire.com,China,108.92.67.81
80,Ann,Palmer,apalmer27@cbsnews.com,Japan,146.48.202.131
81,Ruby,Payne,rpayne28@state.tx.us,Peru,162.45.27.91
82,Bruce,Stevens,bstevens29@de.vu,Belarus,115.153.159.224
83,Catherine,Brown,cbrown2a@networksolutions.com,South Africa,152.32.182.64
84,Thomas,Woods,twoods2b@cpanel.net,China,213.219.240.233
85,Julia,Frazier,jfrazier2c@skype.com,Indonesia,33.106.123.142
86,Anthony,Howell,ahowell2d@businessweek.com,France,32.106.57.88
87,Sarah,Gonzalez,sgonzalez2e@squarespace.com,China,53.104.108.180
88,Ryan,Hamilton,rhamilton2f@technorati.com,China,100.119.140.30
89,Ronald,Murray,rmurray2g@gizmodo.com,Portugal,118.155.92.185
90,Eugene,Morrison,emorrison2h@csmonitor.com,Indonesia,69.11.54.159
91,Judy,Garza,jgarza2i@noaa.gov,Indonesia,28.123.82.185
92,Mary,Pierce,mpierce2j@csmonitor.com,Russia,5.199.63.254
93,Tina,Ramos,tramos2k@domainmarket.com,Sweden,3.203.236.91
94,Dennis,Hamilton,dhamilton2l@toplist.cz,Malaysia,119.206.150.109
95,Diane,Sims,dsims2m@cnn.com,Ecuador,190.40.59.151
96,Patricia,Barnes,pbarnes2n@wiley.com,Indonesia,150.14.21.75
97,Rachel,Richards,rrichards2o@parallels.com,China,67.179.52.121
98,Julie,Washington,jwashington2p@blinklist.com,United States,163.94.148.97
99,Denise,Gonzalez,dgonzalez2q@purevolume.com,China,4.187.159.39
100,William,Crawford,wcrawford2r@i2i.jp,Iran,136.182.48.67
101,Irene,Medina,imedina2s@apple.com,Philippines,173.82.36.250
102,Donald,Sullivan,dsullivan2t@adobe.com,Russia,123.41.231.47
103,Julie,Freeman,jfreeman2u@thetimes.co.uk,China,20.82.154.142
104,Samuel,Riley,sriley2v@e-recht24.de,Chile,228.45.40.40
105,Lois,Cooper,lcooper2w@jimdo.com,Canada,162.69.6.45
106,Jose,Stewart,jstewart2x@boston.com,China,252.23.168.71
107,Roy,Patterson,rpatterson2y@paginegialle.it,Latvia,165.111.237.232
108,Mark,Stephens,mstephens2z@prweb.com,Philippines,115.38.122.153
109,Ronald,Moore,rmoore30@ihg.com,Indonesia,3.13.16.55
110,Deborah,Alvarez,dalvarez31@reuters.com,Cameroon,121.1.172.69
111,Doris,Campbell,dcampbell32@trellian.com,China,180.161.39.10
112,Julie,Bailey,jbailey33@etsy.com,Ireland,119.147.82.198
113,Robert,Welch,rwelch34@ycombinator.com,China,124.7.2.0
114,Christina,Kelly,ckelly35@auda.org.au,Russia,12.122.74.156
115,Christopher,Willis,cwillis36@seattletimes.com,China,101.141.197.218
116,Cynthia,Wallace,cwallace37@google.co.jp,Portugal,238.190.24.99
117,Eugene,Morgan,emorgan38@sphinn.com,China,137.123.33.52
118,Dorothy,Morrison,dmorrison39@ihg.com,Nigeria,77.199.35.171
119,Julia,Fox,jfox3a@nyu.edu,Armenia,50.39.1.183
120,Howard,Wheeler,hwheeler3b@sakura.ne.jp,China,136.40.206.214
121,Kevin,Gonzales,kgonzales3c@eventbrite.com,France,172.195.196.213
122,George,Davis,gdavis3d@netvibes.com,Indonesia,63.13.94.103
123,Heather,Graham,hgraham3e@artisteer.com,Indonesia,90.102.66.51
124,Michelle,Rose,mrose3f@usa.gov,Sweden,254.89.222.170
125,Nancy,Shaw,nshaw3g@rambler.ru,Albania,123.101.58.96
126,Joshua,Snyder,jsnyder3h@hubpages.com,China,76.102.37.208
127,Cheryl,George,cgeorge3i@example.com,Indonesia,234.251.77.7
128,Todd,Fields,tfields3j@nationalgeographic.com,Japan,94.175.45.144
129,Lawrence,Bailey,lbailey3k@nymag.com,Russia,223.85.186.109
130,Todd,Williams,twilliams3l@jalbum.net,China,42.113.237.224
131,Anna,Williams,awilliams3m@themeforest.net,Nicaragua,165.14.73.122
132,Kathy,Foster,kfoster3n@wsj.com,Poland,35.162.233.56
133,Diana,Perez,dperez3o@quantcast.com,Philippines,48.38.123.43
134,Janet,Shaw,jshaw3p@geocities.com,China,90.128.70.183
135,Christina,Bishop,cbishop3q@hhs.gov,Philippines,37.48.164.12
136,Jason,Morris,jmorris3r@admin.ch,Brazil,239.190.236.29
137,Bruce,Jacobs,bjacobs3s@salon.com,China,217.208.193.185
138,Patrick,Palmer,ppalmer3t@who.int,Russia,73.114.104.111
139,Angela,Romero,aromero3u@noaa.gov,Philippines,133.233.22.147
140,Donald,Vasquez,dvasquez3v@wix.com,Cuba,199.4.181.216
141,Joshua,Howell,jhowell3w@simplemachines.org,China,104.36.162.78
142,Michelle,Meyer,mmeyer3x@aboutads.info,Indonesia,93.78.39.192
143,Randy,Banks,rbanks3y@tinypic.com,China,15.27.104.163
144,Judy,West,jwest3z@google.co.jp,Portugal,253.220.63.8
145,Albert,Brown,abrown40@netlog.com,Ireland,131.197.139.150
146,Christina,Reed,creed41@dot.gov,China,177.219.16.211
147,Carlos,Martin,cmartin42@github.com,North Korea,166.25.141.215
148,Jeremy,Harvey,jharvey43@tripadvisor.com,Czech Republic,17.136.146.249
149,Lois,Banks,lbanks44@ucoz.com,Mauritius,39.91.203.80
150,Catherine,Weaver,cweaver45@psu.edu,Indonesia,223.49.238.138
151,Shirley,Day,sday46@csmonitor.com,Belarus,230.10.159.169
152,Christina,Williams,cwilliams47@gov.uk,Japan,163.253.37.172
153,Gary,Reed,greed48@telegraph.co.uk,Yemen,30.124.141.145
154,Marie,Young,myoung49@bigcartel.com,China,69.15.64.91
155,Mary,Long,mlong4a@exblog.jp,Indonesia,37.93.96.239
156,Phillip,Hicks,phicks4b@washingtonpost.com,China,154.217.1.32
157,William,Fox,wfox4c@patch.com,Peru,102.137.142.41
158,Arthur,Fisher,afisher4d@cloudflare.com,Ukraine,141.29.69.189
159,Marie,Mendoza,mmendoza4e@gnu.org,Indonesia,194.189.211.61
160,Dorothy,Romero,dromero4f@altervista.org,France,71.218.89.120
161,Frances,Garza,fgarza4g@surveymonkey.com,Philippines,213.81.32.88
162,Jean,Lopez,jlopez4h@sitemeter.com,Mongolia,13.22.128.28
163,Mildred,Willis,mwillis4i@mysql.com,United States,57.239.189.113
164,Daniel,Carter,dcarter4j@opensource.org,Indonesia,60.57.11.184
165,Jose,Murphy,jmurphy4k@omniture.com,China,121.136.239.120
166,Ann,Ramos,aramos4l@blogs.com,Yemen,205.104.252.153
167,Johnny,Stevens,jstevens4m@whitehouse.gov,Ukraine,153.253.203.44
168,Janice,Barnes,jbarnes4n@webs.com,Portugal,83.207.93.237
169,Todd,Burns,tburns4o@t.co,China,143.122.9.250
170,Samuel,Russell,srussell4p@ustream.tv,Indonesia,117.6.136.137
171,Martin,Butler,mbutler4q@studiopress.com,Thailand,194.185.21.37
172,Laura,Stewart,lstewart4r@bbc.co.uk,China,91.189.216.36
173,Robert,Walker,rwalker4s@technorati.com,Brazil,161.93.109.137
174,Robin,Hughes,rhughes4t@google.com,Japan,89.144.20.15
175,Ruth,Murphy,rmurphy4u@nytimes.com,Russia,95.180.13.79
176,Gregory,Peterson,gpeterson4v@goodreads.com,China,195.49.11.181
177,Phyllis,King,pking4w@purevolume.com,Croatia,179.54.42.132
178,Larry,Howell,lhowell4x@icq.com,Philippines,132.31.152.24
179,Jean,Greene,jgreene4y@github.io,North Korea,43.236.49.61
180,Jonathan,Oliver,joliver4z@fastcompany.com,China,110.82.97.131
181,Chris,Johnston,cjohnston50@delicious.com,France,212.250.158.240
182,Harold,Gray,hgray51@skyrock.com,China,74.206.31.110
183,Jessica,Turner,jturner52@telegraph.co.uk,China,0.224.245.20
184,Emily,Hughes,ehughes53@cloudflare.com,Ukraine,183.244.43.98
185,Tina,Black,tblack54@ow.ly,Greece,201.213.47.51
186,Ruth,Garza,rgarza55@pinterest.com,China,73.15.25.235
187,Gregory,Reyes,greyes56@slashdot.org,China,222.60.125.107
188,Ruth,Mendoza,rmendoza57@ifeng.com,Indonesia,206.59.42.143
189,Mary,Thompson,mthompson58@google.pl,Philippines,247.101.188.182
190,Willie,Gutierrez,wgutierrez59@plala.or.jp,China,23.208.206.218
191,Karen,Diaz,kdiaz5a@baidu.com,Sweden,42.179.57.234
192,Walter,Watson,wwatson5b@tinyurl.com,Czech Republic,196.109.227.107
193,Cynthia,Lane,clane5c@theguardian.com,China,243.203.229.214
194,Joyce,Lopez,jlopez5d@geocities.com,China,113.245.145.88
195,Donna,Snyder,dsnyder5e@cam.ac.uk,Kenya,102.25.81.214
196,Jimmy,Richardson,jrichardson5f@imdb.com,France,188.144.116.184
197,Susan,Wells,swells5g@wikipedia.org,China,126.95.1.55
198,Denise,Reid,dreid5h@cafepress.com,Philippines,126.46.13.73
199,Nancy,Gray,ngray5i@mapy.cz,Greece,117.81.163.45
200,Jeremy,Green,jgreen5j@europa.eu,Mongolia,141.81.234.119
201,Ann,Harrison,aharrison5k@seattletimes.com,Indonesia,164.128.180.124
202,Jesse,Harper,jharper5l@webeden.co.uk,China,138.6.122.114
203,Harold,Simpson,hsimpson5m@eepurl.com,Macedonia,141.27.99.190
204,Paula,Washington,pwashington5n@cornell.edu,Indonesia,48.130.151.230
205,Sharon,Gray,sgray5o@constantcontact.com,Japan,199.88.207.74
206,Timothy,Grant,tgrant5p@dmoz.org,China,249.200.102.79
207,Norma,Sullivan,nsullivan5q@xrea.com,Indonesia,211.197.114.228
208,Rebecca,Williamson,rwilliamson5r@uol.com.br,Nigeria,181.254.250.160
209,Billy,Hunt,bhunt5s@google.de,Myanmar,122.240.217.73
210,Jeremy,Gordon,jgordon5t@blogs.com,Poland,227.109.247.239
211,Frank,Ramos,framos5u@twitpic.com,Peru,190.98.124.122
212,Wanda,Burke,wburke5v@comsenz.com,Japan,52.12.143.15
213,Donald,Washington,dwashington5w@google.it,China,156.174.55.209
214,Chris,Pierce,cpierce5x@guardian.co.uk,Philippines,11.85.55.209
215,Frances,Elliott,felliott5y@telegraph.co.uk,Brazil,174.52.208.251
216,Beverly,Elliott,belliott5z@amazon.com,Poland,83.35.226.166
217,Henry,Johnson,hjohnson60@skyrock.com,Cyprus,196.102.147.132
218,Paul,Kelly,pkelly61@amazon.de,Jordan,248.152.204.27
219,Harry,Little,hlittle62@omniture.com,China,211.234.63.233
220,Craig,Ellis,cellis63@pagesperso-orange.fr,Croatia,106.95.92.197
221,Joshua,Brown,jbrown64@is.gd,Mexico,6.124.11.11
222,Christopher,Murray,cmurray65@kickstarter.com,Vietnam,139.6.183.99
223,Kathryn,Green,kgreen66@twitpic.com,China,48.25.226.184
224,Peter,Oliver,poliver67@tinypic.com,Russia,180.208.63.150
225,Mary,Robertson,mrobertson68@yellowpages.com,Guatemala,33.64.187.136
226,Judith,Jones,jjones69@cdbaby.com,Colombia,208.227.184.67
227,Jane,Sanders,jsanders6a@dedecms.com,Indonesia,91.245.153.107
228,Steve,Rose,srose6b@comsenz.com,Indonesia,26.52.246.80
229,Cynthia,Garrett,cgarrett6c@indiegogo.com,Argentina,228.212.253.241
230,Larry,Porter,lporter6d@aol.com,France,215.154.62.55
231,Patrick,Howell,phowell6e@rakuten.co.jp,Ukraine,254.236.13.167
232,Kimberly,Owens,kowens6f@theglobeandmail.com,Russia,129.149.219.148
233,Stephen,Nelson,snelson6g@cnn.com,China,62.29.22.95
234,Charles,Kelly,ckelly6h@xing.com,China,128.238.52.255
235,Adam,Clark,aclark6i@vkontakte.ru,Japan,251.246.102.212
236,Andrea,Jackson,ajackson6j@nationalgeographic.com,Poland,242.107.111.93
237,Kathleen,Olson,kolson6k@merriam-webster.com,Panama,186.31.31.131
238,Earl,Bishop,ebishop6l@cbslocal.com,Kyrgyzstan,116.27.71.126
239,Bruce,Collins,bcollins6m@scientificamerican.com,Ukraine,134.223.243.52
240,Jennifer,Wheeler,jwheeler6n@opensource.org,Armenia,153.231.0.19
241,Kelly,Kelly,kkelly6o@reverbnation.com,Russia,227.84.36.205
242,Earl,Griffin,egriffin6p@indiegogo.com,Indonesia,40.117.181.10
243,Heather,Carr,hcarr6q@opera.com,Portugal,37.98.86.14
244,Rose,Brooks,rbrooks6r@slashdot.org,Russia,152.27.206.103
245,Phyllis,Ramirez,pramirez6s@angelfire.com,Myanmar,227.46.66.69
246,Mildred,Stone,mstone6t@tripod.com,Iran,170.42.52.149
247,George,Robinson,grobinson6u@tiny.cc,Mongolia,254.142.234.243
248,Terry,Peters,tpeters6v@pagesperso-orange.fr,Ecuador,66.107.185.88
249,Michael,Shaw,mshaw6w@fastcompany.com,Macedonia,44.191.131.203
250,Margaret,Schmidt,mschmidt6x@unicef.org,Bangladesh,94.37.35.241
251,Ruby,Nelson,rnelson6y@apple.com,Argentina,79.89.2.86
252,Laura,Ferguson,lferguson6z@com.com,Kazakhstan,61.91.215.106
253,Adam,Harris,aharris70@cbsnews.com,China,51.209.190.245
254,Amy,Barnes,abarnes71@myspace.com,France,197.50.95.101
255,Mildred,Nelson,mnelson72@va.gov,Germany,226.59.11.228
256,Judy,Baker,jbaker73@boston.com,France,65.16.228.237
257,Jessica,Gray,jgray74@imgur.com,Portugal,115.174.208.200
258,Deborah,Edwards,dedwards75@google.com.hk,China,211.213.51.119
259,Annie,Ward,award76@unblog.fr,Morocco,93.118.129.188
260,Elizabeth,Cooper,ecooper77@harvard.edu,France,101.3.89.249
261,Carolyn,Lawrence,clawrence78@apache.org,Brazil,30.22.126.233
262,Susan,Crawford,scrawford79@moonfruit.com,China,84.188.133.89
263,Janet,Carter,jcarter7a@miibeian.gov.cn,United States,118.211.56.23
264,Stephen,Martinez,smartinez7b@rakuten.co.jp,Sierra Leone,188.35.166.155
265,Diana,Jordan,djordan7c@e-recht24.de,Indonesia,169.169.128.156
266,Jeremy,Bishop,jbishop7d@nymag.com,United Arab Emirates,127.187.158.108
267,Anthony,Jacobs,ajacobs7e@mapy.cz,France,194.50.37.93
268,Roy,Garrett,rgarrett7f@state.tx.us,China,45.53.135.24
269,Willie,Nelson,wnelson7g@usa.gov,North Korea,54.85.90.246
270,Jason,Daniels,jdaniels7h@mlb.com,China,16.148.39.134
271,Margaret,Fields,mfields7i@adobe.com,China,9.154.140.68
272,Beverly,Reid,breid7j@tumblr.com,China,234.132.198.156
273,Judy,Lee,jlee7k@amazon.de,Greece,211.171.95.217
274,Ronald,Moreno,rmoreno7l@ebay.co.uk,Canada,36.162.164.183
275,Gerald,Butler,gbutler7m@house.gov,Russia,222.137.217.214
276,Raymond,Jones,rjones7n@dedecms.com,Afghanistan,65.63.91.74
277,Sara,Stevens,sstevens7o@amazon.co.uk,Brazil,128.56.23.27
278,Aaron,Riley,ariley7p@opera.com,Venezuela,164.245.209.7
279,Karen,Nelson,knelson7q@acquirethisname.com,Indonesia,20.130.71.224
280,Jesse,Graham,jgraham7r@gnu.org,Sweden,166.156.166.86
281,Jean,Perry,jperry7s@amazon.de,Sweden,17.48.203.238
282,Alan,Richards,arichards7t@aboutads.info,Colombia,200.182.196.187
283,Melissa,Howard,mhoward7u@oakley.com,Brazil,206.28.78.26
284,Adam,Austin,aaustin7v@google.com.br,Cyprus,51.60.242.245
285,Gregory,Romero,gromero7w@chron.com,China,107.173.87.13
286,Kathy,Peters,kpeters7x@vk.com,Russia,251.30.102.165
287,William,Pierce,wpierce7y@shop-pro.jp,Indonesia,113.34.30.163
288,Kimberly,Gray,kgray7z@umich.edu,China,98.119.58.4
289,Carol,Oliver,coliver80@dot.gov,Indonesia,218.79.150.190
290,Robert,Burton,rburton81@mozilla.com,Japan,37.28.100.189
291,Anne,Howard,ahoward82@nyu.edu,Indonesia,241.188.53.176
292,Billy,Davis,bdavis83@barnesandnoble.com,Brazil,123.79.234.213
293,Ann,Carroll,acarroll84@scribd.com,Philippines,131.27.74.160
294,Carl,Castillo,ccastillo85@webnode.com,China,108.208.224.67
295,Rebecca,Marshall,rmarshall86@cnet.com,France,109.183.90.217
296,Benjamin,Gomez,bgomez87@geocities.com,Sweden,55.253.8.39
297,Mark,Jenkins,mjenkins88@yelp.com,Russia,35.17.215.170
298,Margaret,Cooper,mcooper89@imgur.com,Ukraine,110.42.160.195
299,Ann,Butler,abutler8a@slate.com,Peru,196.151.204.184
300,Patrick,Dunn,pdunn8b@twitpic.com,Poland,178.93.161.236
301,Rebecca,Clark,rclark8c@mediafire.com,Russia,130.170.139.15
302,Carl,Black,cblack8d@cbslocal.com,Italy,171.180.159.91
303,Roy,Gordon,rgordon8e@taobao.com,Indonesia,37.181.172.189
304,Bonnie,Mendoza,bmendoza8f@rediff.com,Venezuela,65.224.38.148
305,Frances,Gonzales,fgonzales8g@feedburner.com,Czech Republic,17.160.12.176
306,Norma,Berry,nberry8h@weebly.com,Russia,182.206.232.236
307,Marie,Powell,mpowell8i@japanpost.jp,Indonesia,199.116.209.132
308,Mildred,Moreno,mmoreno8j@ucsd.edu,Chad,84.188.143.117
309,Justin,West,jwest8k@mayoclinic.com,Indonesia,24.244.246.45
310,Aaron,Butler,abutler8l@yale.edu,Iran,202.131.134.34
311,Jesse,Myers,jmyers8m@mac.com,Germany,15.248.32.231
312,Emily,Castillo,ecastillo8n@ovh.net,Israel,252.173.69.240
313,Sara,Spencer,sspencer8o@umich.edu,Dominican Republic,46.207.146.46
314,Melissa,Walker,mwalker8p@joomla.org,Philippines,219.108.172.3
315,Kenneth,Chavez,kchavez8q@storify.com,Slovenia,195.68.103.12
316,Evelyn,Thomas,ethomas8r@google.es,Czech Republic,120.218.166.10
317,Paula,Coleman,pcoleman8s@example.com,Afghanistan,251.152.161.64
318,Stephanie,West,swest8t@indiatimes.com,Spain,230.168.184.144
319,Ryan,Mcdonald,rmcdonald8u@admin.ch,Indonesia,162.63.100.179
320,Billy,Dunn,bdunn8v@arstechnica.com,China,19.171.111.211
321,Anne,Garcia,agarcia8w@hatena.ne.jp,Philippines,38.134.71.223
322,Bonnie,Marshall,bmarshall8x@homestead.com,China,6.138.81.95
323,Mary,Henry,mhenry8y@alibaba.com,Indonesia,96.45.144.137
324,Doris,Arnold,darnold8z@mac.com,China,41.193.37.118
325,Andrew,Hicks,ahicks90@theglobeandmail.com,Serbia,162.248.73.194
326,Sharon,Patterson,spatterson91@mediafire.com,Mexico,131.83.244.14
327,Raymond,Richards,rrichards92@privacy.gov.au,Indonesia,204.12.73.241
328,Diane,Reid,dreid93@desdev.cn,Indonesia,127.12.83.232
329,Brenda,Mendoza,bmendoza94@nature.com,Finland,160.38.224.168
330,Donald,White,dwhite95@mozilla.com,Indonesia,141.171.87.235
331,Kevin,Sullivan,ksullivan96@independent.co.uk,Greece,89.212.194.220
332,Samuel,Mendoza,smendoza97@unc.edu,Greece,98.154.155.105
333,Ashley,Riley,ariley98@washington.edu,Lithuania,159.226.181.106
334,Alice,Snyder,asnyder99@is.gd,United States,113.21.104.43
335,Sarah,Cook,scook9a@infoseek.co.jp,China,133.154.3.116
336,Julia,Stone,jstone9b@soup.io,Poland,63.38.110.170
337,Denise,Little,dlittle9c@vkontakte.ru,Portugal,44.207.53.244
338,Diana,Arnold,darnold9d@scientificamerican.com,China,123.172.247.77
339,Michael,Reyes,mreyes9e@nytimes.com,Russia,79.83.190.33
340,Alan,Duncan,aduncan9f@seattletimes.com,Indonesia,153.18.56.220
341,Marilyn,Kelly,mkelly9g@soup.io,Indonesia,86.252.58.227
342,Jerry,Phillips,jphillips9h@deviantart.com,Brazil,19.30.70.90
343,Jonathan,Weaver,jweaver9i@adobe.com,Philippines,45.85.1.56
344,Peter,Carr,pcarr9j@newyorker.com,China,169.117.83.250
345,Douglas,Peters,dpeters9k@jiathis.com,France,89.113.186.128
346,Mildred,White,mwhite9l@ebay.co.uk,Brazil,14.132.134.151
347,Harold,Rice,hrice9m@sina.com.cn,Brazil,171.210.202.133
348,David,Richards,drichards9n@washington.edu,China,239.74.161.60
349,Sandra,Scott,sscott9o@dailymotion.com,China,30.88.82.99
350,Todd,Watson,twatson9p@rambler.ru,Philippines,25.89.74.148
351,Sarah,Baker,sbaker9q@i2i.jp,Poland,220.29.55.155
352,Carlos,Marshall,cmarshall9r@loc.gov,Greece,191.138.43.143
353,Eugene,Henry,ehenry9s@examiner.com,Indonesia,57.207.132.230
354,Julia,Jenkins,jjenkins9t@nature.com,Belarus,83.45.129.88
355,Wanda,Lynch,wlynch9u@squidoo.com,China,53.115.250.192
356,Bonnie,Greene,bgreene9v@csmonitor.com,Ethiopia,243.120.152.140
357,Joshua,Robinson,jrobinson9w@alibaba.com,Russia,156.188.252.138
358,Sean,Tucker,stucker9x@unesco.org,Ukraine,163.217.81.91
359,Scott,Dunn,sdunn9y@youtu.be,South Korea,227.9.210.221
360,Sandra,Fisher,sfisher9z@youku.com,China,82.176.174.177
361,Louis,Moreno,lmorenoa0@edublogs.org,Chile,127.82.120.101
362,Janet,Clark,jclarka1@woothemes.com,Russia,152.140.147.190
363,Michelle,Johnson,mjohnsona2@reuters.com,Philippines,120.163.125.61
364,Mary,Patterson,mpattersona3@oaic.gov.au,Portugal,5.17.71.152
365,Doris,Gonzalez,dgonzaleza4@washingtonpost.com,Greenland,5.33.79.134
366,Willie,Hawkins,whawkinsa5@scribd.com,Argentina,166.253.104.233
367,Martin,Carpenter,mcarpentera6@ed.gov,Madagascar,229.5.15.21
368,Thomas,Brooks,tbrooksa7@123-reg.co.uk,China,162.111.122.100
369,Philip,Tucker,ptuckera8@si.edu,China,118.218.103.225
370,Terry,Tucker,ttuckera9@dion.ne.jp,United States,188.251.60.234
371,Emily,Bowman,ebowmanaa@mashable.com,China,72.160.67.41
372,Thomas,Coleman,tcolemanab@yellowpages.com,South Africa,103.14.110.241
373,Earl,Harris,eharrisac@google.cn,Russia,90.54.212.70
374,Daniel,Welch,dwelchad@salon.com,Russia,190.180.174.8
375,Ashley,Lane,alaneae@cpanel.net,China,61.101.175.31
376,Scott,Banks,sbanksaf@xing.com,Pakistan,68.124.168.238
377,Kimberly,Jackson,kjacksonag@ft.com,Sweden,133.81.68.221
378,Ruth,Nelson,rnelsonah@house.gov,China,143.9.228.3
379,Frank,Castillo,fcastilloai@wsj.com,China,232.86.75.173
380,Christina,Robertson,crobertsonaj@bravesites.com,Pakistan,18.243.126.172
381,Lori,Peters,lpetersak@google.com.br,Ukraine,21.79.121.140
382,Roy,Peterson,rpetersonal@examiner.com,Indonesia,165.101.165.124
383,Jane,Richards,jrichardsam@sun.com,China,228.99.10.174
384,Johnny,Collins,jcollinsan@dropbox.com,Indonesia,169.199.22.151
385,Cheryl,Allen,callenao@tinypic.com,Ukraine,179.38.238.129
386,Ernest,Payne,epayneap@imageshack.us,Indonesia,252.22.226.155
387,Catherine,Larson,clarsonaq@hatena.ne.jp,Sweden,88.118.65.81
388,George,Scott,gscottar@pinterest.com,Poland,194.37.26.196
389,Steven,Dixon,sdixonas@senate.gov,Russia,41.36.102.50
390,Larry,Hicks,lhicksat@omniture.com,Indonesia,80.75.21.243
391,Robin,Gutierrez,rgutierrezau@disqus.com,China,134.163.163.168
392,Ann,Morgan,amorganav@wikipedia.org,Czech Republic,34.107.234.246
393,Carol,Little,clittleaw@homestead.com,China,93.227.18.208
394,Douglas,James,djamesax@webmd.com,Kyrgyzstan,44.117.207.201
395,Roger,Coleman,rcolemanay@dagondesign.com,Iraq,225.183.96.182
396,Kathryn,Long,klongaz@issuu.com,Indonesia,36.141.104.235
397,Janet,Cole,jcoleb0@lycos.com,China,58.237.95.142
398,Kathy,Bryant,kbryantb1@cnn.com,France,189.223.215.16
399,Roy,Dixon,rdixonb2@yelp.com,Japan,118.214.23.46
400,Theresa,Wood,twoodb3@sciencedaily.com,Philippines,187.63.149.226
401,Stephanie,Oliver,soliverb4@vk.com,Cyprus,187.32.52.166
402,Nancy,Bailey,nbaileyb5@technorati.com,United States,142.39.105.165
403,Kathleen,Grant,kgrantb6@jimdo.com,China,156.206.86.226
404,Dorothy,Meyer,dmeyerb7@cmu.edu,Sweden,157.95.164.79
405,Nicholas,Ford,nfordb8@imgur.com,Ireland,172.87.68.129
406,Scott,Daniels,sdanielsb9@ezinearticles.com,Peru,151.226.231.113
407,Jacqueline,Williams,jwilliamsba@twitter.com,Myanmar,116.51.5.252
408,Jane,Bowman,jbowmanbb@google.nl,Indonesia,169.51.122.128
409,Clarence,Black,cblackbc@yahoo.co.jp,Indonesia,49.29.164.66
410,Jeremy,Wallace,jwallacebd@stanford.edu,China,76.216.225.145
411,Jane,Montgomery,jmontgomerybe@dot.gov,Japan,206.84.108.205
412,Joyce,Campbell,jcampbellbf@51.la,Ecuador,193.85.65.245
413,Lisa,Clark,lclarkbg@pinterest.com,Russia,15.207.214.56
414,Randy,Lopez,rlopezbh@typepad.com,Indonesia,239.60.251.95
415,Patrick,Riley,prileybi@zimbio.com,China,145.188.231.6
416,Laura,Daniels,ldanielsbj@gov.uk,France,206.253.179.156
417,Tammy,Reyes,treyesbk@gov.uk,Botswana,117.49.176.91
418,John,Sullivan,jsullivanbl@typepad.com,China,140.35.243.170
419,Denise,Dean,ddeanbm@craigslist.org,China,13.0.62.180
420,Catherine,Hamilton,chamiltonbn@blogs.com,Bulgaria,215.14.0.3
421,Sarah,Greene,sgreenebo@mashable.com,Russia,4.255.195.157
422,Russell,Nelson,rnelsonbp@usnews.com,Philippines,20.66.174.44
423,Susan,Duncan,sduncanbq@naver.com,China,208.240.169.217
424,Kenneth,Phillips,kphillipsbr@unblog.fr,Poland,17.39.97.164
425,Jacqueline,Foster,jfosterbs@cmu.edu,Thailand,66.114.81.5
426,Janet,George,jgeorgebt@webmd.com,France,131.29.204.124
427,Helen,Lewis,hlewisbu@un.org,Poland,235.40.170.156
428,Gregory,Jacobs,gjacobsbv@discovery.com,Bhutan,86.21.79.170
429,Justin,Perry,jperrybw@xinhuanet.com,Portugal,45.115.110.96
430,Wanda,White,wwhitebx@jalbum.net,Philippines,120.103.198.19
431,Willie,Diaz,wdiazby@pinterest.com,China,216.247.200.240
432,Timothy,Coleman,tcolemanbz@smugmug.com,Ethiopia,4.49.17.187
433,Laura,Foster,lfosterc0@irs.gov,Indonesia,193.134.241.127
434,Judith,Adams,jadamsc1@aboutads.info,China,145.183.19.75
435,Nicholas,Garza,ngarzac2@spotify.com,Philippines,173.228.243.81
436,Beverly,Mason,bmasonc3@multiply.com,Indonesia,163.125.39.3
437,Keith,Gomez,kgomezc4@rambler.ru,Serbia,235.253.54.42
438,Deborah,Wright,dwrightc5@cocolog-nifty.com,Bulgaria,99.13.243.145
439,Jennifer,Long,jlongc6@myspace.com,Mongolia,76.215.95.159
440,Jacqueline,Sanchez,jsanchezc7@europa.eu,Spain,211.228.44.99
441,Ernest,Cruz,ecruzc8@cloudflare.com,Sweden,26.253.207.76
442,Katherine,Bradley,kbradleyc9@theatlantic.com,China,91.214.186.252
443,Karen,Simpson,ksimpsonca@go.com,Argentina,109.15.4.75
444,Douglas,Nichols,dnicholscb@techcrunch.com,Czech Republic,81.8.241.111
445,Carl,Gomez,cgomezcc@cafepress.com,Luxembourg,39.132.102.178
446,Bobby,Ruiz,bruizcd@joomla.org,Japan,32.126.81.24
447,Phillip,Ferguson,pfergusonce@vk.com,Sweden,95.73.69.126
448,Justin,Bishop,jbishopcf@ebay.co.uk,Kenya,146.22.192.29
449,Aaron,Daniels,adanielscg@com.com,China,19.6.3.165
450,Edward,Dunn,edunnch@webeden.co.uk,China,123.153.147.9
451,Roger,Hanson,rhansonci@wufoo.com,China,6.68.81.125
452,William,Watson,wwatsoncj@ning.com,Pakistan,85.190.101.250
453,Anna,Howell,ahowellck@lycos.com,Indonesia,185.148.139.117
454,Jonathan,Lynch,jlynchcl@boston.com,Brazil,233.39.132.194
455,Gerald,Robertson,grobertsoncm@mysql.com,Bolivia,226.170.126.233
456,Dorothy,Taylor,dtaylorcn@arstechnica.com,Greece,80.15.105.17
457,Charles,Morrison,cmorrisonco@illinois.edu,China,67.88.101.201
458,Sharon,Carr,scarrcp@joomla.org,Poland,130.163.56.165
459,Justin,Gardner,jgardnercq@microsoft.com,Indonesia,115.98.70.134
460,Irene,Hawkins,ihawkinscr@youtu.be,Spain,101.133.136.161
461,Louis,Vasquez,lvasquezcs@flavors.me,China,0.98.39.114
462,Wanda,Morales,wmoralesct@google.pl,Philippines,18.171.56.143
463,Kevin,Kennedy,kkennedycu@globo.com,Central African Republic,5.131.250.243
464,Cheryl,Evans,cevanscv@who.int,Poland,98.32.58.163
465,Frank,Watson,fwatsoncw@vinaora.com,Ivory Coast,84.165.117.51
466,Heather,Davis,hdaviscx@pen.io,French Polynesia,253.133.248.160
467,Michelle,Diaz,mdiazcy@mac.com,Czech Republic,88.4.213.42
468,Amanda,Carroll,acarrollcz@auda.org.au,Indonesia,10.38.96.79
469,Jose,Cook,jcookd0@icq.com,El Salvador,95.48.109.126
470,Robert,Mills,rmillsd1@seesaa.net,China,63.134.83.240
471,Joseph,Hanson,jhansond2@nsw.gov.au,China,243.152.216.55
472,Willie,Burton,wburtond3@techcrunch.com,China,68.171.59.249
473,Ryan,Mason,rmasond4@opensource.org,China,216.121.13.253
474,Angela,Weaver,aweaverd5@rediff.com,Syria,16.201.98.143
475,Julia,Ortiz,jortizd6@paginegialle.it,Indonesia,165.72.251.44
476,Charles,Stanley,cstanleyd7@ihg.com,Peru,137.186.96.233
477,Kelly,Ferguson,kfergusond8@furl.net,Mexico,207.194.69.43
478,Juan,Payne,jpayned9@gmpg.org,Philippines,124.153.243.146
479,Kenneth,Matthews,kmatthewsda@utexas.edu,Brazil,54.82.154.199
480,Amanda,White,awhitedb@webeden.co.uk,Brazil,221.22.63.170
481,Shawn,Fernandez,sfernandezdc@trellian.com,Qatar,193.208.34.81
482,Irene,Mcdonald,imcdonalddd@va.gov,Bangladesh,52.227.114.122
483,Gloria,King,gkingde@123-reg.co.uk,United Kingdom,188.178.126.124
484,Nancy,Moreno,nmorenodf@histats.com,Germany,152.212.141.119
485,Joyce,Hansen,jhansendg@craigslist.org,Japan,165.104.51.230
486,Melissa,Harrison,mharrisondh@soundcloud.com,Philippines,55.59.45.135
487,Kenneth,Brooks,kbrooksdi@blinklist.com,Portugal,117.70.5.207
488,Kathryn,Simmons,ksimmonsdj@deviantart.com,Indonesia,155.2.79.151
489,Christine,Bowman,cbowmandk@dedecms.com,Colombia,142.19.133.191
490,Earl,Harris,eharrisdl@hatena.ne.jp,Mali,44.195.41.102
491,Christina,Perez,cperezdm@flavors.me,Bolivia,221.194.12.132
492,Donald,Moore,dmooredn@berkeley.edu,Colombia,11.87.166.170
493,Amy,Welch,awelchdo@ebay.com,China,136.228.188.35
494,Sandra,Roberts,srobertsdp@altervista.org,Brazil,119.246.92.12
495,Helen,Burns,hburnsdq@sbwire.com,Russia,161.58.106.200
496,Heather,Pierce,hpiercedr@livejournal.com,Indonesia,44.202.9.223
497,Lisa,Alvarez,lalvarezds@google.es,China,119.96.42.40
498,Matthew,Cruz,mcruzdt@amazon.de,Thailand,147.59.213.229
499,Richard,Wagner,rwagnerdu@paginegialle.it,Armenia,65.123.177.138
500,Eric,Owens,eowensdv@wordpress.org,China,145.221.95.3
501,Randy,Robinson,rrobinsondw@skype.com,China,59.202.84.183
502,Tina,Warren,twarrendx@prweb.com,China,206.113.72.219
503,Johnny,Butler,jbutlerdy@privacy.gov.au,Denmark,91.207.245.154
504,Roy,Cox,rcoxdz@csmonitor.com,Albania,88.15.165.92
505,Sandra,Weaver,sweavere0@wufoo.com,China,187.230.160.211
506,Amy,Tucker,atuckere1@github.io,Ethiopia,179.57.123.75
507,Harold,Clark,hclarke2@acquirethisname.com,Philippines,79.29.59.169
508,Martha,Evans,mevanse3@clickbank.net,China,171.251.129.217
509,Daniel,James,djamese4@hostgator.com,Zimbabwe,148.202.184.221
510,Kevin,Morales,kmoralese5@jimdo.com,Russia,203.193.242.169
511,Sharon,West,sweste6@tripod.com,Russia,70.147.123.40
512,Shawn,Evans,sevanse7@businessweek.com,Netherlands,152.229.77.31
513,Ann,Sanders,asanderse8@blog.com,China,139.237.187.139
514,Pamela,Watkins,pwatkinse9@amazonaws.com,Indonesia,200.223.242.197
515,Marie,Barnes,mbarnesea@angelfire.com,Russia,120.133.244.161
516,Clarence,Spencer,cspencereb@dailymotion.com,China,185.45.155.236
517,Todd,Mitchell,tmitchellec@europa.eu,Malaysia,11.179.208.98
518,Joan,Reynolds,jreynoldsed@who.int,Ireland,90.124.243.77
519,Kathryn,Austin,kaustinee@tuttocitta.it,Russia,86.195.242.52
520,Jonathan,Nguyen,jnguyenef@desdev.cn,Philippines,96.179.213.4
521,Jeffrey,Gonzales,jgonzaleseg@squarespace.com,Portugal,78.218.216.16
522,Mildred,Warren,mwarreneh@sciencedirect.com,China,65.10.92.209
523,Mildred,Gardner,mgardnerei@slideshare.net,Colombia,8.142.242.250
524,Jacqueline,Green,jgreenej@gov.uk,Colombia,25.186.233.71
525,Charles,Pierce,cpierceek@cnet.com,Sierra Leone,128.70.253.31
526,Victor,Howard,vhowardel@opera.com,Indonesia,42.99.244.167
527,John,Lynch,jlynchem@gmpg.org,Malaysia,77.8.30.68
528,Frances,Fox,ffoxen@wsj.com,China,12.167.12.219
529,Johnny,Hart,jharteo@tumblr.com,Peru,23.45.57.236
530,Gary,Gonzalez,ggonzalezep@admin.ch,Yemen,197.229.106.21
531,Sharon,Fox,sfoxeq@delicious.com,Chile,28.162.30.103
532,Martha,Morgan,mmorganer@netscape.com,Vietnam,52.223.177.250
533,Michael,Frazier,mfrazieres@illinois.edu,France,221.197.124.77
534,Christina,Young,cyounget@dell.com,China,230.19.118.8
535,Gregory,Martin,gmartineu@goodreads.com,Poland,103.246.53.45
536,Barbara,Oliver,boliverev@home.pl,Dominican Republic,53.98.226.65
537,Sean,Robertson,srobertsonew@wordpress.com,Nigeria,150.136.254.94
538,Kelly,Bailey,kbaileyex@smugmug.com,Czech Republic,250.178.115.253
539,Scott,Lynch,slynchey@ca.gov,China,39.39.213.18
540,Johnny,Hamilton,jhamiltonez@wikia.com,Portugal,109.244.100.55
541,Sarah,Stone,sstonef0@soundcloud.com,Thailand,213.203.142.7
542,Michelle,Hart,mhartf1@artisteer.com,China,2.52.6.255
543,Eric,Burke,eburkef2@tinyurl.com,Poland,87.195.26.166
544,Melissa,Gomez,mgomezf3@wunderground.com,France,201.9.12.211
545,Lois,Stewart,lstewartf4@yahoo.com,Peru,86.13.130.161
546,Phyllis,Stephens,pstephensf5@com.com,Poland,226.180.99.173
547,Sean,Nichols,snicholsf6@arizona.edu,Russia,92.230.153.247
548,Matthew,Robertson,mrobertsonf7@livejournal.com,China,236.169.126.142
549,Harry,Ray,hrayf8@usa.gov,Ukraine,231.38.186.234
550,Lisa,Hart,lhartf9@youtube.com,Philippines,22.107.149.248
551,Dennis,Gomez,dgomezfa@europa.eu,Ukraine,245.9.253.87
552,Willie,Bryant,wbryantfb@cmu.edu,Indonesia,54.238.215.173
553,Joseph,Long,jlongfc@jigsy.com,Pakistan,159.91.186.18
554,Terry,Fowler,tfowlerfd@infoseek.co.jp,China,10.51.107.199
555,Bruce,Nichols,bnicholsfe@dion.ne.jp,Peru,232.170.40.13
556,Virginia,Stevens,vstevensff@free.fr,Brazil,216.32.146.82
557,Doris,Harrison,dharrisonfg@joomla.org,Finland,14.231.204.104
558,Elizabeth,Stanley,estanleyfh@weebly.com,China,45.205.160.75
559,Peter,Burke,pburkefi@nasa.gov,Philippines,64.236.205.116
560,Mark,Reed,mreedfj@nymag.com,Portugal,106.224.202.120
561,Christine,Kim,ckimfk@theglobeandmail.com,Malta,8.141.190.110
562,Heather,Stephens,hstephensfl@cyberchimps.com,France,253.117.190.121
563,Rose,Schmidt,rschmidtfm@mayoclinic.com,United States,190.159.239.129
564,Judy,Pierce,jpiercefn@statcounter.com,Portugal,49.224.227.21
565,Angela,Lane,alanefo@ox.ac.uk,China,198.141.25.242
566,Judy,Ross,jrossfp@rediff.com,Indonesia,144.243.194.83
567,Billy,Green,bgreenfq@so-net.ne.jp,Ukraine,138.153.144.240
568,Andrew,Romero,aromerofr@instagram.com,United States,115.240.167.141
569,Ryan,Peters,rpetersfs@reference.com,China,211.57.149.178
570,Shirley,Larson,slarsonft@facebook.com,Indonesia,171.224.109.120
571,Jesse,Edwards,jedwardsfu@google.es,United States,82.216.142.123
572,Craig,Rivera,criverafv@nymag.com,Portugal,147.187.90.177
573,James,Morgan,jmorganfw@godaddy.com,United States,140.96.238.151
574,Ashley,Flores,afloresfx@spotify.com,Canada,20.246.51.206
575,Emily,Burns,eburnsfy@netscape.com,Venezuela,90.74.58.146
576,Wanda,Perkins,wperkinsfz@cdbaby.com,Azerbaijan,69.33.165.212
577,Theresa,Dean,tdeang0@unesco.org,Afghanistan,71.116.24.167
578,Christina,Jordan,cjordang1@gmpg.org,Pakistan,251.13.10.13
579,Kenneth,Hayes,khayesg2@yellowbook.com,Kazakhstan,3.249.222.121
580,Robin,Elliott,relliottg3@csmonitor.com,Indonesia,20.74.234.158
581,Steve,Oliver,soliverg4@reddit.com,Yemen,186.22.159.194
582,Catherine,Garcia,cgarciag5@ted.com,Guatemala,195.17.100.234
583,Aaron,Sanchez,asanchezg6@last.fm,Brazil,11.52.131.161
584,Pamela,Richards,prichardsg7@barnesandnoble.com,Serbia,125.39.58.102
585,Karen,Hayes,khayesg8@go.com,Indonesia,65.150.120.160
586,Jane,White,jwhiteg9@epa.gov,Armenia,229.168.154.197
587,Jimmy,Little,jlittlega@webs.com,China,156.224.251.225
588,Dennis,Coleman,dcolemangb@ftc.gov,Turkmenistan,145.26.253.87
589,Barbara,Lee,bleegc@hugedomains.com,Nigeria,88.138.215.91
590,Eugene,Martin,emartingd@theglobeandmail.com,Madagascar,15.138.172.247
591,Peter,Sims,psimsge@biblegateway.com,Ukraine,98.240.49.159
592,Richard,Sullivan,rsullivangf@phoca.cz,Peru,139.84.236.76
593,Elizabeth,Burns,eburnsgg@bluehost.com,Philippines,226.122.195.127
594,Rebecca,Meyer,rmeyergh@usgs.gov,China,10.109.202.217
595,Mark,Perez,mperezgi@skyrock.com,Russia,177.97.125.210
596,Justin,Harper,jharpergj@nationalgeographic.com,Philippines,230.163.191.176
597,Judith,Jenkins,jjenkinsgk@eepurl.com,Poland,60.164.38.87
598,Brandon,Miller,bmillergl@chicagotribune.com,China,35.160.226.52
599,Kathy,Ortiz,kortizgm@miibeian.gov.cn,Argentina,103.215.244.243
600,Robert,Nichols,rnicholsgn@comsenz.com,Bangladesh,176.129.114.144
601,Anna,Gonzales,agonzalesgo@ocn.ne.jp,Brazil,153.206.150.181
602,Christine,Richards,crichardsgp@bigcartel.com,Mexico,186.226.94.206
603,Edward,Payne,epaynegq@who.int,Peru,68.124.183.26
604,Lillian,Berry,lberrygr@wikipedia.org,Philippines,138.21.159.132
605,George,Frazier,gfraziergs@disqus.com,China,65.206.99.216
606,Bruce,Bryant,bbryantgt@taobao.com,Venezuela,88.33.167.209
607,Victor,Kelly,vkellygu@ycombinator.com,Bulgaria,24.193.25.170
608,Carl,Jenkins,cjenkinsgv@discuz.net,Indonesia,11.52.70.10
609,Amanda,Barnes,abarnesgw@quantcast.com,Swaziland,244.218.120.236
610,Linda,Matthews,lmatthewsgx@flavors.me,China,233.115.241.175
611,Kathryn,Hall,khallgy@xing.com,Sri Lanka,182.154.37.3
612,Gary,Morales,gmoralesgz@cornell.edu,China,212.195.87.245
613,Lori,Mccoy,lmccoyh0@china.com.cn,Portugal,186.200.98.75
614,Steve,Fisher,sfisherh1@imdb.com,Brazil,94.8.110.141
615,Kathryn,Roberts,krobertsh2@xrea.com,France,138.8.238.29
616,Clarence,Bradley,cbradleyh3@surveymonkey.com,Thailand,41.186.96.98
617,Patricia,Flores,pfloresh4@seesaa.net,United States,65.213.0.221
618,Albert,Clark,aclarkh5@people.com.cn,Netherlands,235.110.80.236
619,Tammy,Phillips,tphillipsh6@illinois.edu,Ukraine,221.249.234.79
620,Timothy,Stanley,tstanleyh7@bbb.org,China,147.223.183.162
621,Louise,Marshall,lmarshallh8@cbc.ca,Bosnia and Herzegovina,12.155.184.203
622,Stephen,Martin,smartinh9@surveymonkey.com,Brazil,248.43.54.120
623,Harry,Rogers,hrogersha@youtu.be,Canada,107.219.107.246
624,Todd,King,tkinghb@reuters.com,South Korea,192.187.9.184
625,Jeremy,Richards,jrichardshc@creativecommons.org,China,71.90.58.88
626,Ernest,Schmidt,eschmidthd@upenn.edu,France,84.167.39.122
627,Katherine,Hudson,khudsonhe@abc.net.au,Angola,125.74.46.85
628,Jean,Crawford,jcrawfordhf@dot.gov,Indonesia,19.17.123.103
629,Bobby,Mccoy,bmccoyhg@cnet.com,Ireland,109.224.120.77
630,Kathy,Porter,kporterhh@behance.net,Czech Republic,129.87.86.172
631,Ronald,Wheeler,rwheelerhi@eventbrite.com,Czech Republic,147.168.231.124
632,Christine,Torres,ctorreshj@photobucket.com,Poland,189.219.117.132
633,Ashley,Lee,aleehk@wikipedia.org,Sweden,51.215.88.142
634,Adam,Moreno,amorenohl@time.com,Japan,40.34.67.103
635,William,Wright,wwrighthm@github.com,China,204.96.183.152
636,Billy,Lane,blanehn@latimes.com,Poland,207.14.200.177
637,Jeffrey,Martin,jmartinho@weibo.com,China,70.83.176.171
638,Philip,Ramirez,pramirezhp@meetup.com,Ukraine,20.136.21.144
639,Evelyn,Warren,ewarrenhq@devhub.com,Japan,24.188.250.0
640,Susan,Morgan,smorganhr@nature.com,Djibouti,50.164.213.145
641,Harold,Sanchez,hsanchezhs@uiuc.edu,Poland,204.207.180.241
642,Amy,Romero,aromeroht@elpais.com,Sweden,226.68.24.73
643,Beverly,Jenkins,bjenkinshu@youtu.be,Norway,125.61.55.153
644,Diane,Torres,dtorreshv@hp.com,Indonesia,167.166.53.237
645,Stephanie,Martin,smartinhw@github.io,Indonesia,62.189.173.172
646,George,Gutierrez,ggutierrezhx@abc.net.au,Poland,183.45.218.87
647,Sandra,Murphy,smurphyhy@skyrock.com,Canada,62.185.116.36
648,Edward,Ramos,eramoshz@un.org,Philippines,126.9.155.29
649,Fred,Coleman,fcolemani0@auda.org.au,Lithuania,18.138.134.12
650,Marilyn,Armstrong,marmstrongi1@ovh.net,France,78.228.1.141
651,William,Young,wyoungi2@google.ca,Indonesia,157.220.200.231
652,Mary,Peterson,mpetersoni3@unc.edu,Netherlands,252.110.36.213
653,Jesse,Kim,jkimi4@friendfeed.com,Czech Republic,26.42.41.1
654,Cheryl,Knight,cknighti5@shop-pro.jp,Cameroon,93.35.28.44
655,Ryan,Carter,rcarteri6@examiner.com,Serbia,9.93.208.18
656,Virginia,Patterson,vpattersoni7@omniture.com,Luxembourg,24.192.8.222
657,Frances,Burns,fburnsi8@t.co,Namibia,12.135.244.204
658,Katherine,Wells,kwellsi9@dedecms.com,Portugal,94.247.193.102
659,Donald,Holmes,dholmesia@oaic.gov.au,Poland,53.167.76.64
660,Joan,Bishop,jbishopib@quantcast.com,China,251.186.14.117
661,Ruth,Stevens,rstevensic@issuu.com,Philippines,134.120.67.148
662,Fred,Freeman,ffreemanid@ed.gov,Sweden,20.190.221.20
663,Janet,Alexander,jalexanderie@scribd.com,Russia,39.32.218.98
664,Terry,Rose,troseif@ustream.tv,China,45.84.79.180
665,Eric,Foster,efosterig@xing.com,Philippines,229.154.66.143
666,Carl,Chavez,cchavezih@yale.edu,China,139.198.84.79
667,Lisa,Wells,lwellsii@ca.gov,Senegal,131.63.24.111
668,Patrick,Phillips,pphillipsij@wufoo.com,Finland,132.28.187.51
669,Amanda,Sanchez,asanchezik@google.fr,Luxembourg,101.82.109.127
670,Brenda,Barnes,bbarnesil@ycombinator.com,Indonesia,101.51.183.244
671,Lawrence,Perry,lperryim@cnbc.com,Tunisia,250.129.115.103
672,Roger,Hayes,rhayesin@seattletimes.com,United States,231.196.203.96
673,Dennis,Walker,dwalkerio@noaa.gov,Portugal,228.130.157.169
674,Donna,Roberts,drobertsip@harvard.edu,Sierra Leone,82.170.200.84
675,Paula,Mills,pmillsiq@disqus.com,Netherlands,102.228.150.90
676,Amanda,Moreno,amorenoir@about.com,Netherlands,84.65.193.178
677,Aaron,Hall,ahallis@blogtalkradio.com,United States,151.130.129.100
678,Anna,West,awestit@google.co.uk,Vietnam,203.228.40.197
679,Amy,Greene,agreeneiu@lulu.com,Japan,232.161.32.195
680,Thomas,Chapman,tchapmaniv@baidu.com,China,74.117.121.226
681,Stephanie,Watson,swatsoniw@apache.org,Brazil,105.102.75.38
682,Doris,Armstrong,darmstrongix@desdev.cn,Philippines,141.145.196.231
683,Dennis,Ellis,dellisiy@rediff.com,China,200.178.87.124
684,Rebecca,Snyder,rsnyderiz@gov.uk,Russia,72.230.29.224
685,Lisa,Hughes,lhughesj0@china.com.cn,China,77.248.42.21
686,Michael,Alexander,malexanderj1@comsenz.com,Philippines,96.47.133.8
687,Alan,Perez,aperezj2@163.com,Cuba,136.76.182.2
688,Cheryl,Armstrong,carmstrongj3@de.vu,China,96.38.176.167
689,Jessica,Butler,jbutlerj4@sina.com.cn,China,199.250.133.40
690,Sarah,Day,sdayj5@homestead.com,Malawi,174.57.141.104
691,Daniel,Simpson,dsimpsonj6@usa.gov,Finland,182.154.103.13
692,Victor,Lane,vlanej7@va.gov,Philippines,54.32.102.243
693,Thomas,Frazier,tfrazierj8@yandex.ru,Papua New Guinea,21.251.188.141
694,Angela,Stevens,astevensj9@amazon.de,Philippines,229.230.16.242
695,Bobby,Graham,bgrahamja@wufoo.com,Indonesia,201.245.124.123
696,George,Fuller,gfullerjb@chronoengine.com,Norway,233.181.42.1
697,Rachel,Bell,rbelljc@mediafire.com,Finland,80.45.176.131
698,Carolyn,Schmidt,cschmidtjd@time.com,Syria,232.15.23.101
699,Nicholas,Morris,nmorrisje@state.gov,Japan,183.247.235.143
700,Alice,Burton,aburtonjf@weibo.com,Belarus,79.220.13.22
701,Kelly,Howell,khowelljg@foxnews.com,Iran,238.6.180.175
702,Anne,Andrews,aandrewsjh@squidoo.com,Czech Republic,164.234.91.59
703,Joshua,Elliott,jelliottji@opera.com,Poland,58.221.116.245
704,Philip,Brooks,pbrooksjj@naver.com,Thailand,202.20.192.23
705,Kathy,Castillo,kcastillojk@w3.org,Pakistan,255.116.91.1
706,Katherine,Barnes,kbarnesjl@ovh.net,United States,254.76.78.128
707,Jonathan,Boyd,jboydjm@wikispaces.com,China,247.116.212.49
708,Anthony,Reyes,areyesjn@rambler.ru,France,111.59.67.211
709,Barbara,Hicks,bhicksjo@un.org,Bosnia and Herzegovina,158.188.135.228
710,Diana,Mccoy,dmccoyjp@gnu.org,Indonesia,162.82.91.21
711,Eugene,Bradley,ebradleyjq@dmoz.org,Portugal,221.2.196.66
712,Terry,Sanders,tsandersjr@ibm.com,Ethiopia,137.121.93.67
713,Rachel,Harrison,rharrisonjs@howstuffworks.com,Portugal,150.213.14.244
714,Matthew,Sanchez,msanchezjt@hugedomains.com,Cameroon,38.197.150.13
715,Eugene,Dean,edeanju@xrea.com,Bolivia,239.117.159.144
716,Steven,Mendoza,smendozajv@stanford.edu,Russia,28.111.71.66
717,Adam,Watson,awatsonjw@nymag.com,Russia,124.69.160.9
718,Doris,Kim,dkimjx@netvibes.com,Macedonia,96.169.192.68
719,Jacqueline,Lawson,jlawsonjy@sogou.com,United States,198.153.228.208
720,Joe,Carpenter,jcarpenterjz@hibu.com,Indonesia,210.18.133.145
721,Annie,Reed,areedk0@w3.org,China,33.219.97.246
722,Johnny,Edwards,jedwardsk1@odnoklassniki.ru,Nepal,82.208.44.125
723,Donna,Gordon,dgordonk2@howstuffworks.com,Indonesia,115.68.23.59
724,Michael,Morrison,mmorrisonk3@archive.org,Peru,153.77.218.219
725,Steve,Mcdonald,smcdonaldk4@altervista.org,United States,23.141.25.223
726,Juan,Cole,jcolek5@paginegialle.it,China,3.127.229.90
727,Christopher,Adams,cadamsk6@berkeley.edu,China,169.249.172.76
728,Kelly,Hall,khallk7@telegraph.co.uk,China,232.80.89.161
729,Harold,Kelly,hkellyk8@bloglovin.com,France,191.244.187.23
730,Dennis,Watkins,dwatkinsk9@people.com.cn,Kazakhstan,44.70.73.235
731,Jerry,Williamson,jwilliamsonka@chron.com,Poland,246.31.100.225
732,Joe,Lynch,jlynchkb@163.com,Argentina,22.10.96.180
733,Eric,Mendoza,emendozakc@hubpages.com,Ecuador,62.171.91.77
734,Edward,Morris,emorriskd@shinystat.com,United States,52.212.195.142
735,Patrick,Webb,pwebbke@un.org,Indonesia,110.181.152.208
736,Ryan,George,rgeorgekf@go.com,China,209.236.188.236
737,Janet,Perkins,jperkinskg@spotify.com,Indonesia,148.86.19.6
738,David,Willis,dwilliskh@yahoo.co.jp,Czech Republic,164.109.143.112
739,Diana,Welch,dwelchki@nsw.gov.au,Sweden,76.46.254.101
740,Patricia,Cole,pcolekj@google.nl,Philippines,73.4.148.48
741,Clarence,Lane,clanekk@admin.ch,Philippines,5.1.68.35
742,Rebecca,Parker,rparkerkl@oakley.com,Uganda,246.205.39.255
743,Harry,Carr,hcarrkm@constantcontact.com,France,74.78.142.115
744,Frances,James,fjameskn@goodreads.com,China,175.157.142.177
745,Billy,Crawford,bcrawfordko@w3.org,China,103.238.29.230
746,Raymond,Brown,rbrownkp@mit.edu,France,139.0.223.143
747,Karen,Stevens,kstevenskq@engadget.com,Netherlands,127.155.250.96
748,Billy,Murray,bmurraykr@flickr.com,Venezuela,88.29.184.114
749,Irene,Ortiz,iortizks@psu.edu,Russia,11.234.199.144
750,Ashley,Nichols,anicholskt@blogspot.com,China,160.102.193.12
751,Samuel,Alvarez,salvarezku@rediff.com,Indonesia,83.208.12.177
752,Jose,Davis,jdaviskv@sphinn.com,Peru,24.92.21.255
753,Victor,Richardson,vrichardsonkw@com.com,Russia,108.42.177.250
754,Douglas,Hudson,dhudsonkx@nydailynews.com,Philippines,133.34.141.75
755,Timothy,Greene,tgreeneky@elegantthemes.com,Armenia,216.23.241.252
756,Carl,Miller,cmillerkz@vistaprint.com,Indonesia,21.148.146.243
757,Judith,Rose,jrosel0@hugedomains.com,Haiti,21.226.8.104
758,Emily,Weaver,eweaverl1@boston.com,Czech Republic,105.159.162.137
759,Benjamin,Lawrence,blawrencel2@digg.com,Dominican Republic,134.145.126.113
760,Harold,Berry,hberryl3@google.pl,Libya,83.163.193.94
761,Jean,Bowman,jbowmanl4@marketwatch.com,China,238.188.173.195
762,Joshua,Morrison,jmorrisonl5@thetimes.co.uk,Nigeria,28.244.137.94
763,Frances,Vasquez,fvasquezl6@t.co,Philippines,25.211.91.138
764,Denise,Wells,dwellsl7@sciencedirect.com,Philippines,209.211.134.112
765,Kathleen,Jacobs,kjacobsl8@sbwire.com,Philippines,245.59.227.163
766,Emily,Cook,ecookl9@netlog.com,Philippines,242.189.120.100
767,Annie,Campbell,acampbellla@hud.gov,China,1.179.125.58
768,Linda,Welch,lwelchlb@mtv.com,Dominican Republic,160.175.243.157
769,Sean,Bryant,sbryantlc@mozilla.org,Iraq,179.109.113.3
770,Elizabeth,Phillips,ephillipsld@meetup.com,Cameroon,10.152.4.14
771,Fred,Williamson,fwilliamsonle@cocolog-nifty.com,China,220.212.163.30
772,Philip,Weaver,pweaverlf@tuttocitta.it,Mongolia,189.66.131.249
773,Barbara,Parker,bparkerlg@purevolume.com,Indonesia,149.151.75.197
774,Steve,Ford,sfordlh@photobucket.com,Ireland,21.220.148.223
775,Louise,Gibson,lgibsonli@bbb.org,South Korea,172.167.197.125
776,Janet,Cox,jcoxlj@xrea.com,Thailand,97.52.212.139
777,Jean,Mccoy,jmccoylk@dagondesign.com,Afghanistan,167.60.231.93
778,Carl,Warren,cwarrenll@naver.com,China,120.11.142.185
779,Ernest,Wagner,ewagnerlm@is.gd,Indonesia,125.137.146.78
780,Jean,Duncan,jduncanln@wisc.edu,Sri Lanka,11.181.213.222
781,Mildred,Hawkins,mhawkinslo@businessweek.com,Indonesia,207.111.121.234
782,Bonnie,Bradley,bbradleylp@sfgate.com,Poland,174.20.129.91
783,Bruce,Simmons,bsimmonslq@hexun.com,Russia,68.242.86.2
784,Sharon,Mason,smasonlr@seesaa.net,Philippines,85.27.17.69
785,Denise,Burton,dburtonls@canalblog.com,Chad,231.253.64.112
786,Henry,Gilbert,hgilbertlt@dion.ne.jp,Poland,37.134.56.49
787,Christine,Boyd,cboydlu@xing.com,China,166.52.24.70
788,Wayne,Freeman,wfreemanlv@surveymonkey.com,Indonesia,242.113.22.160
789,Craig,Bryant,cbryantlw@netscape.com,Russia,214.90.221.118
790,Lois,Cole,lcolelx@tumblr.com,Belarus,86.186.68.14
791,Nicole,Hart,nhartly@xinhuanet.com,China,123.26.247.237
792,Antonio,Davis,adavislz@sina.com.cn,Russia,132.85.107.41
793,Larry,Cunningham,lcunninghamm0@github.io,Ukraine,4.6.232.49
794,Anna,Burke,aburkem1@sbwire.com,Sweden,7.224.108.16
795,Charles,Knight,cknightm2@mysql.com,Russia,105.201.238.181
796,Anthony,Hanson,ahansonm3@google.fr,Nepal,24.161.74.38
797,Joe,Green,jgreenm4@hao123.com,Portugal,104.220.147.184
798,Adam,Parker,aparkerm5@google.nl,South Africa,19.118.243.207
799,Howard,Wagner,hwagnerm6@businesswire.com,China,108.202.44.117
800,Nancy,Rivera,nriveram7@icio.us,Philippines,204.121.250.145
801,Phillip,Ortiz,portizm8@wufoo.com,Peru,99.188.249.205
802,Jose,Russell,jrussellm9@java.com,Russia,133.17.69.234
803,Nicole,Jenkins,njenkinsma@slideshare.net,Oman,2.45.26.246
804,Scott,Watkins,swatkinsmb@adobe.com,Peru,202.135.220.150
805,Laura,Jordan,ljordanmc@usgs.gov,China,138.46.182.140
806,Philip,Henderson,phendersonmd@vimeo.com,Portugal,183.40.180.191
807,Jacqueline,Mills,jmillsme@canalblog.com,China,180.157.118.17
808,Joan,Ford,jfordmf@example.com,Nigeria,185.112.31.82
809,Kathleen,Welch,kwelchmg@tiny.cc,Brazil,55.29.41.61
810,Richard,Jackson,rjacksonmh@last.fm,Portugal,171.62.11.120
811,Jeremy,Gordon,jgordonmi@slashdot.org,China,5.119.111.242
812,Steven,Hunter,shuntermj@tripod.com,Bhutan,142.29.174.65
813,Fred,Dunn,fdunnmk@feedburner.com,Russia,84.142.192.225
814,Ruby,Burke,rburkeml@usa.gov,Azerbaijan,55.170.22.223
815,Teresa,Campbell,tcampbellmm@nps.gov,China,194.0.238.113
816,Brenda,Stephens,bstephensmn@biblegateway.com,Ukraine,236.114.146.166
817,Wayne,Ellis,wellismo@home.pl,Palestinian Territory,2.189.95.17
818,Roy,Cook,rcookmp@home.pl,Indonesia,135.119.102.47
819,Helen,Hawkins,hhawkinsmq@jimdo.com,Indonesia,15.179.90.211
820,Sarah,Watson,swatsonmr@un.org,Guatemala,166.178.37.2
821,Gloria,Medina,gmedinams@howstuffworks.com,China,211.1.198.71
822,Janet,Hanson,jhansonmt@bbc.co.uk,China,174.9.1.154
823,Clarence,Spencer,cspencermu@mac.com,Japan,72.139.252.48
824,Kathy,Kennedy,kkennedymv@feedburner.com,Indonesia,77.118.22.255
825,Wayne,Harvey,wharveymw@wikipedia.org,Japan,186.159.45.233
826,Russell,Reed,rreedmx@simplemachines.org,Sweden,12.33.216.99
827,Billy,Turner,bturnermy@cyberchimps.com,Ukraine,7.188.43.86
828,Pamela,Dunn,pdunnmz@intel.com,Russia,243.185.204.33
829,Theresa,King,tkingn0@tiny.cc,Russia,127.128.7.95
830,Brenda,Watson,bwatsonn1@msn.com,Bosnia and Herzegovina,131.35.111.207
831,Rachel,Little,rlittlen2@sourceforge.net,France,248.239.147.221
832,Henry,Stevens,hstevensn3@alexa.com,Nicaragua,220.184.175.224
833,Jean,Hart,jhartn4@godaddy.com,Slovenia,193.116.94.130
834,Jose,Olson,jolsonn5@phpbb.com,Mongolia,2.140.159.141
835,Paula,Woods,pwoodsn6@is.gd,Bosnia and Herzegovina,2.197.225.48
836,Judy,Martinez,jmartinezn7@dropbox.com,Afghanistan,171.25.214.135
837,Paul,Reid,preidn8@artisteer.com,Vietnam,198.139.203.140
838,Roy,Owens,rowensn9@elpais.com,Indonesia,68.144.19.177
839,Chris,Bishop,cbishopna@umich.edu,Nicaragua,62.144.7.227
840,Timothy,Reyes,treyesnb@java.com,Argentina,125.176.19.68
841,Sarah,Washington,swashingtonnc@hubpages.com,Indonesia,170.27.89.220
842,Arthur,Palmer,apalmernd@nsw.gov.au,Russia,16.216.16.147
843,Marilyn,Stewart,mstewartne@kickstarter.com,Yemen,117.111.235.32
844,Denise,Larson,dlarsonnf@myspace.com,Macedonia,69.210.112.139
845,Deborah,Cox,dcoxng@boston.com,Germany,135.125.242.64
846,Gary,Weaver,gweavernh@biblegateway.com,Poland,232.29.150.114
847,Deborah,Henry,dhenryni@marriott.com,France,252.70.110.31
848,Adam,Ray,araynj@mit.edu,Paraguay,157.150.220.90
849,Albert,Cooper,acoopernk@ocn.ne.jp,Nepal,80.9.148.50
850,Steve,Spencer,sspencernl@diigo.com,Philippines,150.159.208.147
851,Charles,Ray,craynm@uol.com.br,Poland,85.19.226.131
852,Amy,Fowler,afowlernn@oaic.gov.au,Vietnam,98.71.114.210
853,Joseph,Edwards,jedwardsno@hhs.gov,Indonesia,99.226.185.71
854,Fred,Bailey,fbaileynp@github.io,Kazakhstan,145.189.139.77
855,Dorothy,Wright,dwrightnq@ftc.gov,Mexico,143.72.63.109
856,Shawn,Day,sdaynr@ebay.com,Ukraine,152.49.236.137
857,Ernest,Myers,emyersns@arstechnica.com,Brazil,149.83.225.64
858,Ryan,Edwards,redwardsnt@cocolog-nifty.com,New Zealand,9.13.88.202
859,Jennifer,Davis,jdavisnu@seesaa.net,Paraguay,95.37.134.181
860,Johnny,Perez,jpereznv@dmoz.org,Poland,32.153.149.106
861,Donald,Phillips,dphillipsnw@umich.edu,Nigeria,2.42.176.242
862,Larry,Perez,lpereznx@go.com,Czech Republic,203.82.255.106
863,William,Morris,wmorrisny@army.mil,Yemen,228.142.44.25
864,Alan,Howell,ahowellnz@privacy.gov.au,China,232.58.65.206
865,Paul,Franklin,pfranklino0@myspace.com,Mongolia,125.137.101.6
866,Ann,Grant,agranto1@networksolutions.com,Slovenia,26.224.42.227
867,Doris,Garrett,dgarretto2@cocolog-nifty.com,Indonesia,196.222.48.182
868,Joshua,Parker,jparkero3@devhub.com,China,216.135.197.100
869,Barbara,Myers,bmyerso4@simplemachines.org,China,134.124.41.157
870,Stephanie,Sullivan,ssullivano5@jimdo.com,China,92.14.166.165
871,Brandon,Lawrence,blawrenceo6@g.co,Paraguay,132.80.207.20
872,Mary,Allen,malleno7@icio.us,Philippines,121.8.233.96
873,Shawn,Burke,sburkeo8@si.edu,China,218.108.76.44
874,Nicole,Adams,nadamso9@issuu.com,Indonesia,169.163.233.155
875,Kelly,Cox,kcoxoa@microsoft.com,France,79.32.96.113
876,Ernest,Rice,ericeob@hc360.com,United States,79.23.120.220
877,Benjamin,Phillips,bphillipsoc@youtu.be,Indonesia,83.243.174.130
878,Gregory,Hart,ghartod@ycombinator.com,South Africa,72.89.220.211
879,Gerald,Duncan,gduncanoe@blogs.com,Japan,2.142.127.107
880,Willie,Allen,wallenof@vinaora.com,France,17.243.88.240
881,Gary,Peterson,gpetersonog@furl.net,Georgia,157.8.139.177
882,Norma,Armstrong,narmstrongoh@wordpress.com,Colombia,41.191.175.65
883,Rose,Romero,rromerooi@cam.ac.uk,Dominican Republic,183.241.118.110
884,William,Stone,wstoneoj@arizona.edu,China,169.54.65.248
885,Anna,Garrett,agarrettok@blogspot.com,Brazil,252.81.75.8
886,Anthony,Nguyen,anguyenol@gnu.org,Hungary,67.120.175.42
887,Martin,Cunningham,mcunninghamom@dell.com,Peru,134.140.31.96
888,Robin,Richardson,rrichardsonon@purevolume.com,United States,5.189.239.184
889,Arthur,Butler,abutleroo@privacy.gov.au,Indonesia,157.67.123.61
890,Joseph,Ellis,jellisop@qq.com,Azerbaijan,201.215.229.185
891,Matthew,Gonzalez,mgonzalezoq@lulu.com,United Kingdom,52.217.92.55
892,Sarah,Murphy,smurphyor@i2i.jp,China,130.144.201.62
893,Gary,Andrews,gandrewsos@usatoday.com,Portugal,141.77.111.185
894,Bruce,Cruz,bcruzot@hatena.ne.jp,South Korea,126.0.111.230
895,William,Sullivan,wsullivanou@seesaa.net,Russia,29.79.207.10
896,Jason,Ramos,jramosov@miitbeian.gov.cn,New Zealand,72.15.122.227
897,Benjamin,Bradley,bbradleyow@smh.com.au,China,165.117.22.163
898,Judy,Ramirez,jramirezox@com.com,Mexico,40.74.66.150
899,Ashley,Castillo,acastillooy@ucla.edu,Netherlands,235.159.40.252
900,Paula,Gibson,pgibsonoz@stanford.edu,Philippines,73.185.119.180
901,Patrick,Stevens,pstevensp0@merriam-webster.com,China,229.167.99.136
902,Justin,Simpson,jsimpsonp1@theguardian.com,Sweden,5.96.69.116
903,Norma,Washington,nwashingtonp2@blinklist.com,China,254.0.193.127
904,Gary,Henry,ghenryp3@constantcontact.com,Honduras,178.192.78.35
905,William,Kim,wkimp4@ihg.com,Norway,68.37.76.242
906,Walter,Turner,wturnerp5@bloglines.com,Russia,251.41.149.29
907,Melissa,Henry,mhenryp6@bloglovin.com,Greece,1.132.250.212
908,Katherine,Duncan,kduncanp7@opensource.org,Russia,178.248.100.253
909,Teresa,Stone,tstonep8@taobao.com,United States,114.101.34.193
910,Wayne,Gardner,wgardnerp9@about.me,Poland,100.230.196.167
911,Laura,Matthews,lmatthewspa@indiatimes.com,China,186.171.23.192
912,Randy,Robinson,rrobinsonpb@virginia.edu,Russia,215.185.8.207
913,Dennis,Gibson,dgibsonpc@mayoclinic.com,Philippines,161.18.31.220
914,Tina,Gilbert,tgilbertpd@yelp.com,Colombia,87.27.84.241
915,Scott,Webb,swebbpe@washington.edu,Indonesia,248.150.230.135
916,Sarah,Arnold,sarnoldpf@amazon.co.jp,Poland,70.56.168.253
917,Ann,Duncan,aduncanpg@cornell.edu,Madagascar,217.9.103.247
918,Russell,Larson,rlarsonph@bing.com,China,157.209.153.76
919,Nicholas,Bradley,nbradleypi@fema.gov,Portugal,194.237.224.4
920,Daniel,Gardner,dgardnerpj@biblegateway.com,Philippines,248.45.103.228
921,Paul,Hicks,phickspk@rediff.com,France,128.72.78.27
922,Donald,Peters,dpeterspl@irs.gov,China,13.15.170.169
923,Ronald,Meyer,rmeyerpm@ca.gov,Philippines,230.155.43.16
924,Laura,Mendoza,lmendozapn@moonfruit.com,China,222.220.71.169
925,Joshua,Hill,jhillpo@mapquest.com,Philippines,68.66.9.92
926,Raymond,Wheeler,rwheelerpp@utexas.edu,Uganda,25.1.2.8
927,Steven,Reynolds,sreynoldspq@163.com,United States,170.164.179.44
928,Ronald,Moreno,rmorenopr@xinhuanet.com,Sweden,179.253.91.62
929,Ashley,Gray,agrayps@oakley.com,Indonesia,185.161.157.92
930,Patricia,Sanders,psanderspt@lycos.com,Portugal,130.221.146.215
931,Michelle,Little,mlittlepu@ning.com,Austria,47.127.150.130
932,Norma,Berry,nberrypv@surveymonkey.com,Indonesia,156.228.240.250
933,Diana,Murray,dmurraypw@free.fr,Slovenia,82.184.73.53
934,Nicholas,Wilson,nwilsonpx@tinyurl.com,Indonesia,205.173.92.205
935,Tina,Palmer,tpalmerpy@samsung.com,Tunisia,247.54.94.199
936,Donna,Harris,dharrispz@un.org,North Korea,18.224.191.116
937,Teresa,Simmons,tsimmonsq0@dmoz.org,Indonesia,29.235.255.189
938,Douglas,Hamilton,dhamiltonq1@about.me,Kazakhstan,48.181.48.126
939,Jeremy,Lee,jleeq2@ftc.gov,Bolivia,25.218.145.4
940,Johnny,Hall,jhallq3@qq.com,Canada,97.98.82.221
941,Teresa,Evans,tevansq4@deliciousdays.com,Portugal,36.194.60.172
942,Douglas,Bishop,dbishopq5@alibaba.com,China,155.71.217.40
943,Ruby,Peterson,rpetersonq6@auda.org.au,China,18.77.81.242
944,Maria,Powell,mpowellq7@walmart.com,China,68.203.92.89
945,Timothy,Sanchez,tsanchezq8@buzzfeed.com,Mongolia,72.16.91.250
946,Lori,Myers,lmyersq9@tiny.cc,Niger,64.3.184.29
947,Terry,Johnston,tjohnstonqa@irs.gov,Sweden,26.189.28.204
948,Jesse,Castillo,jcastilloqb@blinklist.com,Central African Republic,234.170.246.199
949,Shawn,Fernandez,sfernandezqc@amazon.co.jp,Malta,92.205.83.84
950,Nancy,Ferguson,nfergusonqd@fc2.com,Thailand,42.151.201.19
951,Roy,Snyder,rsnyderqe@webmd.com,Pakistan,191.242.103.87
952,Virginia,Burton,vburtonqf@virginia.edu,Gambia,94.163.160.74
953,Jerry,Griffin,jgriffinqg@nationalgeographic.com,China,193.201.111.49
954,Stephen,Gomez,sgomezqh@g.co,China,158.85.153.247
955,Christina,Mason,cmasonqi@php.net,Nigeria,95.155.196.212
956,John,Harvey,jharveyqj@icq.com,China,175.179.44.206
957,Andrew,Mason,amasonqk@chronoengine.com,Indonesia,68.83.153.212
958,Aaron,Thomas,athomasql@tiny.cc,Tanzania,226.227.2.124
959,Mary,Moore,mmooreqm@jugem.jp,Syria,153.153.195.84
960,Cheryl,Martin,cmartinqn@ox.ac.uk,Japan,100.19.232.112
961,Christine,Johnston,cjohnstonqo@reddit.com,China,59.253.109.107
962,Norma,Hunt,nhuntqp@intel.com,Colombia,135.200.15.225
963,Kathy,Berry,kberryqq@addthis.com,Nigeria,113.148.56.135
964,Helen,Dunn,hdunnqr@spiegel.de,Indonesia,42.4.141.222
965,Craig,Walker,cwalkerqs@jigsy.com,Afghanistan,163.230.240.181
966,Louis,Sanders,lsandersqt@bizjournals.com,France,51.250.61.179
967,Julie,Shaw,jshawqu@cam.ac.uk,Macedonia,255.19.189.83
968,Beverly,Robinson,brobinsonqv@gravatar.com,Yemen,31.41.121.20
969,Raymond,Rice,rriceqw@gmpg.org,Malawi,86.56.66.106
970,Robin,Graham,rgrahamqx@prweb.com,Indonesia,180.160.14.187
971,Sandra,Dixon,sdixonqy@bigcartel.com,South Africa,70.48.0.240
972,Janet,Murphy,jmurphyqz@icio.us,Czech Republic,96.234.140.191
973,Sean,Peterson,spetersonr0@yale.edu,Gambia,162.125.241.170
974,Edward,Morris,emorrisr1@marriott.com,South Korea,100.190.201.145
975,Shawn,Butler,sbutlerr2@yelp.com,China,23.141.219.48
976,Elizabeth,Montgomery,emontgomeryr3@discuz.net,China,108.198.72.146
977,Kathryn,Schmidt,kschmidtr4@twitpic.com,China,103.23.123.196
978,Randy,Kennedy,rkennedyr5@exblog.jp,Mexico,169.72.215.162
979,Walter,Lawson,wlawsonr6@wordpress.com,China,66.200.242.111
980,Louis,Foster,lfosterr7@constantcontact.com,China,205.180.103.137
981,Beverly,Moreno,bmorenor8@t.co,Brazil,133.22.132.174
982,Cheryl,Knight,cknightr9@upenn.edu,Brazil,204.186.100.239
983,David,Morrison,dmorrisonra@hud.gov,China,225.245.207.165
984,Tammy,Phillips,tphillipsrb@qq.com,Indonesia,169.224.58.251
985,Willie,Castillo,wcastillorc@topsy.com,Bolivia,246.171.161.123
986,Bobby,Fuller,bfullerrd@weather.com,China,146.232.185.61
987,Brandon,Green,bgreenre@google.pl,Argentina,165.124.248.26
988,Martin,Richardson,mrichardsonrf@ca.gov,Papua New Guinea,55.110.195.213
989,Margaret,Parker,mparkerrg@mozilla.org,Poland,19.196.49.115
990,Margaret,Howard,mhowardrh@dot.gov,Ukraine,10.204.139.101
991,Maria,Phillips,mphillipsri@shinystat.com,Argentina,133.144.177.3
992,Alan,Jacobs,ajacobsrj@webmd.com,Indonesia,159.181.102.87
993,Cheryl,Wagner,cwagnerrk@buzzfeed.com,Portugal,243.40.238.212
994,Peter,Boyd,pboydrl@census.gov,Portugal,179.135.166.247
995,Helen,Bailey,hbaileyrm@e-recht24.de,Indonesia,84.73.167.28
996,Phyllis,Jenkins,pjenkinsrn@sciencedaily.com,France,182.44.129.80
997,Samuel,Bishop,sbishopro@ameblo.jp,Ethiopia,142.154.63.14
998,Gerald,Thompson,gthompsonrp@home.pl,Sweden,232.149.148.210
999,Nicholas,Woods,nwoodsrq@histats.com,Indonesia,193.4.23.217
1000,Christina,Alvarez,calvarezrr@cornell.edu,China,39.101.166.163